time,close,compound,sma,ema
2021-01-26 16:00:00,31985.3,None,0.4150,0.0698
2021-01-26 17:00:00,32184.36,None,0.4150,0.0698
2021-01-26 18:00:00,32224.5,None,0.4150,0.0698
2021-01-26 19:00:00,32208.33,-0.1484,0.3775,-0.0586
2021-01-26 20:00:00,31986.99,-0.9993,0.2914,-0.4392
2021-01-26 21:00:00,31987.13,-0.7269,0.2315,-0.5307
2021-01-26 22:00:00,32733.81,-0.0643,0.2151,-0.4055
2021-01-26 23:00:00,32467.77,0.9468,0.2536,-0.0855
2021-01-27 00:00:00,32335.7,None,0.2536,-0.0855
2021-01-27 01:00:00,32084.6,None,0.2536,-0.0855
2021-01-27 02:00:00,31802.36,None,0.2536,-0.0855
2021-01-27 03:00:00,31800.86,None,0.2536,-0.0855
2021-01-27 04:00:00,31864.36,-0.0150,0.2402,-0.0625
2021-01-27 05:00:00,31503.41,-0.5574,0.2022,-0.1978
2021-01-27 06:00:00,31669.98,None,0.2022,-0.1978
2021-01-27 07:00:00,31743.33,None,0.2022,-0.1978
2021-01-27 08:00:00,31172.11,-0.5267,0.1691,-0.2951
2021-01-27 09:00:00,31201.05,-0.5859,0.1362,-0.3691
2021-01-27 10:00:00,31376.9,-0.6597,0.0651,-0.4350
2021-01-27 11:00:00,30639.05,-0.9978,0.0208,-0.5518
2021-01-27 12:00:00,30759.03,-0.0160,-0.0208,-0.4483
2021-01-27 13:00:00,30275.3,-0.5574,-0.0762,-0.4682
2021-01-27 14:00:00,29573.15,-0.3362,-0.0563,-0.4453
2021-01-27 15:00:00,30322.61,0.0737,-0.0936,-0.3586
2021-01-27 16:00:00,30529.57,-0.0175,-0.1352,-0.3035
2021-01-27 17:00:00,30514.34,-0.0144,-0.1642,-0.2580
2021-01-27 18:00:00,29709.79,0.9834,-0.1183,-0.0675
2021-01-27 19:00:00,30740.33,0.9771,-0.1146,0.0897
2021-01-27 20:00:00,31520.2,0.4062,-0.1372,0.1365
2021-01-27 21:00:00,30958.0,-0.7506,-0.1438,0.0072
2021-01-27 22:00:00,30519.93,None,-0.1914,0.0072
2021-01-27 23:00:00,30366.15,0.4108,-0.1673,0.0728
2021-01-28 00:00:00,30671.86,None,-0.1673,0.0728
2021-01-28 01:00:00,30881.94,None,-0.1673,0.0728
2021-01-28 02:00:00,30981.72,None,-0.1327,0.0728
2021-01-28 03:00:00,31404.25,None,-0.1327,0.0728
2021-01-28 04:00:00,31300.73,0.4397,-0.1098,0.1643
2021-01-28 05:00:00,31729.16,0.8934,-0.0713,0.3273
2021-01-28 06:00:00,31564.58,-0.5574,-0.1305,0.1459
2021-01-28 07:00:00,31170.53,0.7906,-0.0619,0.2692
2021-01-28 08:00:00,31070.47,0.5267,-0.0401,0.3158
2021-01-28 09:00:00,31466.91,None,-0.0401,0.3158
2021-01-28 10:00:00,31490.29,0.0534,-0.0368,0.2649
2021-01-28 11:00:00,31437.37,0.9726,-0.0019,0.3943
2021-01-28 12:00:00,31477.95,0.6434,0.0196,0.4378
2021-01-28 13:00:00,31775.12,0.2559,0.0272,0.4073
2021-01-28 14:00:00,31830.53,0.4191,0.0394,0.4092
2021-01-28 15:00:00,31926.49,0.3034,0.0474,0.3926
2021-01-28 16:00:00,32425.71,0.3082,0.0551,0.3796
2021-01-28 17:00:00,32281.49,0.9842,0.0816,0.4707
2021-01-28 18:00:00,32633.68,-0.0439,0.0782,0.3945
2021-01-28 19:00:00,32564.71,0.0000,0.0823,0.3369
2021-01-28 20:00:00,32577.96,0.3074,0.1186,0.3327
2021-01-28 21:00:00,33183.53,0.4561,0.1514,0.3503
2021-01-28 22:00:00,33469.67,0.3177,0.1621,0.3457
2021-01-28 23:00:00,33364.86,0.4547,0.1484,0.3609
2021-01-29 00:00:00,34150.23,0.3721,0.1544,0.3625
2021-01-29 01:00:00,33906.57,0.0000,0.1504,0.3123
2021-01-29 02:00:00,33969.2,-0.2064,0.1412,0.2409
2021-01-29 03:00:00,33733.58,0.0000,0.1377,0.2079
2021-01-29 04:00:00,33062.82,0.9970,0.1630,0.3157
2021-01-29 05:00:00,32980.32,0.0015,0.1770,0.2729
2021-01-29 06:00:00,32483.74,0.9325,0.1954,0.3624
2021-01-29 07:00:00,32266.35,0.0015,0.1908,0.3136
2021-01-29 08:00:00,36240.24,-0.0008,0.2033,0.2711
2021-01-29 09:00:00,36877.16,0.0015,0.2173,0.2347
2021-01-29 10:00:00,36617.23,-0.0008,0.2330,0.2030
2021-01-29 11:00:00,37025.32,0.4266,0.2669,0.2331
2021-01-29 12:00:00,37840.07,0.3280,0.2751,0.2458
2021-01-29 13:00:00,38250.03,0.4266,0.2985,0.2701
2021-01-29 14:00:00,37058.49,0.3280,0.3143,0.2778
2021-01-29 15:00:00,37129.4,0.0015,0.3126,0.2408
2021-01-29 16:00:00,36039.18,0.0015,0.3130,0.2088
2021-01-29 17:00:00,35741.23,-0.0009,0.3134,0.1807
2021-01-29 18:00:00,35202.46,-0.0008,0.2899,0.1564
2021-01-29 19:00:00,34318.57,0.0017,0.2667,0.1357
2021-01-29 20:00:00,34574.61,0.0015,0.2571,0.1178
2021-01-29 21:00:00,34635.53,0.0078,0.2751,0.1031
2021-01-29 22:00:00,34485.98,0.9985,0.2920,0.2227
2021-01-29 23:00:00,34252.2,0.2268,0.2877,0.2233
2021-01-30 00:00:00,34250.1,-0.1998,0.2766,0.1668
2021-01-30 01:00:00,34123.05,0.5719,0.2832,0.2209
2021-01-30 02:00:00,33862.51,0.9682,0.2981,0.3206
2021-01-30 03:00:00,33273.36,None,0.2981,0.3206
2021-01-30 04:00:00,33503.13,-0.0007,0.2885,0.2721
2021-01-30 05:00:00,33503.72,-0.0007,0.2690,0.2317
2021-01-30 06:00:00,33809.79,-0.5574,0.2690,0.1164
2021-01-30 07:00:00,34046.8,-0.5574,0.2397,0.0192
2021-01-30 08:00:00,33887.5,None,0.2334,0.0192
2021-01-30 09:00:00,34253.18,None,0.2334,0.0192
2021-01-30 10:00:00,34299.82,0.3433,0.2398,0.0780
2021-01-30 11:00:00,33660.4,0.3115,0.2251,0.1184
2021-01-30 12:00:00,33751.77,0.0675,0.2123,0.1099
2021-01-30 13:00:00,34237.69,0.6249,0.2205,0.1929
2021-01-30 14:00:00,34234.73,None,0.2160,0.1929
2021-01-30 15:00:00,34210.2,None,0.2140,0.1929
2021-01-30 16:00:00,33956.7,-0.0862,0.2048,0.1375
2021-01-30 17:00:00,34253.67,0.9882,0.2049,0.2960
2021-01-30 18:00:00,34340.0,-0.7906,0.1875,0.1038
2021-01-30 19:00:00,34286.5,-0.0212,0.1870,0.0826
2021-01-30 20:00:00,34154.63,None,0.1842,0.0826
2021-01-30 21:00:00,34675.53,0.3499,0.1816,0.1318
2021-01-30 22:00:00,34526.13,None,0.1783,0.1318
2021-01-30 23:00:00,34262.88,None,0.1714,0.1318
2021-01-31 00:00:00,34066.84,None,0.1663,0.1318
2021-01-31 01:00:00,34194.0,0.9970,0.1918,0.3447
2021-01-31 02:00:00,33750.0,None,0.2023,0.3447
2021-01-31 03:00:00,33930.21,0.7906,0.2231,0.4547
2021-01-31 04:00:00,34034.31,None,0.2022,0.4547
2021-01-31 05:00:00,33756.39,0.9970,0.2291,0.5888
2021-01-31 06:00:00,33655.86,None,0.2096,0.5888
2021-01-31 07:00:00,33607.98,None,0.2155,0.5888
2021-01-31 08:00:00,33596.72,None,0.2219,0.5888
2021-01-31 09:00:00,33301.7,0.5574,0.2382,0.5793
2021-01-31 10:00:00,33653.68,-0.9993,0.2089,0.1686
2021-01-31 11:00:00,33563.23,-0.4512,0.1830,0.0255
2021-01-31 12:00:00,33974.05,0.0064,0.1736,0.0215
2021-01-31 13:00:00,33692.92,-0.2726,0.1530,-0.0360
2021-01-31 14:00:00,33330.71,0.6124,0.1614,0.0833
2021-01-31 15:00:00,32862.66,0.3246,0.1709,0.1255
2021-01-31 16:00:00,32891.86,0.7906,0.1941,0.2373
2021-01-31 17:00:00,32302.31,-0.2407,0.1870,0.1597
2021-01-31 18:00:00,32450.3,-0.9993,0.1577,-0.0232
2021-01-31 19:00:00,32808.8,0.4331,0.1704,0.0471
2021-01-31 20:00:00,32853.73,-0.9325,0.1429,-0.1008
2021-01-31 21:00:00,32560.73,None,0.1470,-0.1008
2021-01-31 22:00:00,32974.1,None,0.1204,-0.1008
2021-01-31 23:00:00,33092.98,None,0.1169,-0.1008
2021-02-01 00:00:00,32546.27,None,0.1275,-0.1008
2021-02-01 01:00:00,33430.29,0.4108,0.1221,0.0199
2021-02-01 02:00:00,33649.73,None,0.0929,0.0199
2021-02-01 03:00:00,33573.97,None,0.0929,0.0199
2021-02-01 04:00:00,33558.25,0.4723,0.1093,0.1402
2021-02-01 05:00:00,33755.4,None,0.1132,0.1402
2021-02-01 06:00:00,33518.89,-0.5574,0.1132,-0.0422
2021-02-01 07:00:00,33803.97,0.1131,0.1371,-0.0062
2021-02-01 08:00:00,34477.31,0.0550,0.1343,0.0067
2021-02-01 09:00:00,34354.47,0.6124,0.1502,0.1253
2021-02-01 10:00:00,34163.28,-0.9968,0.1056,-0.0815
2021-02-01 11:00:00,34183.33,0.3688,0.1075,-0.0025
2021-02-01 12:00:00,33770.23,0.9712,0.1376,0.1613
2021-02-01 13:00:00,33702.25,0.0113,0.1171,0.1369
2021-02-01 14:00:00,33532.81,-0.9993,0.0811,-0.0426
2021-02-01 15:00:00,33160.17,0.9818,0.1093,0.1154
2021-02-01 16:00:00,33460.83,0.0982,0.1150,0.1128
2021-02-01 17:00:00,33978.31,0.9682,0.1144,0.2397
2021-02-01 18:00:00,33731.52,-0.0481,0.1376,0.1976
2021-02-01 19:00:00,33838.13,-0.6705,0.1173,0.0723
2021-02-01 20:00:00,33831.55,0.5994,0.1319,0.1476
2021-02-01 21:00:00,33658.67,0.5267,0.1373,0.2012
2021-02-01 22:00:00,33539.39,0.2268,0.1399,0.2048
2021-02-01 23:00:00,33526.37,None,0.1399,0.2048
2021-02-02 00:00:00,33763.07,0.2488,0.1430,0.2117
2021-02-02 01:00:00,33744.71,-0.6808,0.0951,0.0745
2021-02-02 02:00:00,33646.0,-0.5859,0.0762,-0.0249
2021-02-02 03:00:00,33550.32,-0.6705,0.0356,-0.1205
2021-02-02 04:00:00,33876.37,None,0.0356,-0.1205
2021-02-02 05:00:00,33992.83,-0.9997,-0.0199,-0.2653
2021-02-02 06:00:00,34295.01,-0.6705,-0.0375,-0.3300
2021-02-02 07:00:00,34223.38,0.9477,-0.0115,-0.1312
2021-02-02 08:00:00,34663.87,None,-0.0115,-0.1312
2021-02-02 09:00:00,35334.04,-0.3371,-0.0351,-0.1665
2021-02-02 10:00:00,35160.24,None,-0.0090,-0.1665
2021-02-02 11:00:00,34720.15,None,0.0033,-0.1665
2021-02-02 12:00:00,34779.91,None,0.0032,-0.1665
2021-02-02 13:00:00,34844.73,None,0.0113,-0.1665
2021-02-02 14:00:00,34793.99,None,-0.0069,-0.1665
2021-02-02 15:00:00,34708.47,None,-0.0173,-0.1665
2021-02-02 16:00:00,34964.52,None,-0.0433,-0.1665
2021-02-02 17:00:00,34851.47,None,-0.0368,-0.1665
2021-02-02 18:00:00,35264.21,None,-0.0036,-0.1665
2021-02-02 19:00:00,35762.03,None,-0.0192,-0.1665
2021-02-02 20:00:00,35786.51,None,0.0147,-0.1665
2021-02-02 21:00:00,35653.07,None,0.0147,-0.1665
2021-02-02 22:00:00,35572.36,None,0.0147,-0.1665
2021-02-02 23:00:00,35466.24,None,0.0147,-0.1665
2021-02-03 00:00:00,36135.01,None,0.0147,-0.1665
2021-02-03 01:00:00,35879.27,None,-0.0006,-0.1665
2021-02-03 02:00:00,35889.37,None,-0.0006,-0.1665
2021-02-03 03:00:00,36403.47,None,-0.0006,-0.1665
2021-02-03 04:00:00,36628.85,None,-0.0195,-0.1665
2021-02-03 05:00:00,36460.12,None,-0.0195,-0.1665
2021-02-03 06:00:00,36535.9,None,0.0029,-0.1665
2021-02-03 07:00:00,36297.57,None,-0.0019,-0.1665
2021-02-03 08:00:00,36010.09,None,-0.0044,-0.1665
2021-02-03 09:00:00,35851.19,None,-0.0338,-0.1665
2021-02-03 10:00:00,35985.27,None,0.0143,-0.1665
2021-02-03 11:00:00,35969.41,None,-0.0043,-0.1665
2021-02-03 12:00:00,36178.86,None,-0.0585,-0.1665
2021-02-03 13:00:00,36537.42,None,-0.0626,-0.1665
2021-02-03 14:00:00,36548.6,None,-0.0041,-0.1665
2021-02-03 15:00:00,36850.0,None,-0.0698,-0.1665
2021-02-03 16:00:00,37146.67,None,-0.0818,-0.1665
2021-02-03 17:00:00,37176.86,None,-0.1626,-0.1665
2021-02-03 18:00:00,37114.14,None,-0.1721,-0.1665
2021-02-03 19:00:00,36788.89,None,-0.1268,-0.1665
2021-02-03 20:00:00,37039.88,None,-0.1994,-0.1665
2021-02-03 21:00:00,37256.97,None,-0.2801,-0.1665
2021-02-03 22:00:00,37276.31,None,-0.3435,-0.1665
2021-02-03 23:00:00,37618.87,None,-0.3435,-0.1665
2021-02-04 00:00:00,38063.15,None,-0.4281,-0.1665
2021-02-04 01:00:00,38147.35,None,-0.3860,-0.1665
2021-02-04 02:00:00,37896.36,None,-0.3460,-0.1665
2021-02-04 03:00:00,37498.78,None,-0.2649,-0.1665
2021-02-04 04:00:00,37678.39,None,-0.2649,-0.1665
2021-02-04 05:00:00,37578.23,None,-0.0200,-0.1665
2021-02-04 06:00:00,38076.43,None,0.3053,-0.1665
2021-02-04 07:00:00,37843.4,None,-0.3371,-0.1665
2021-02-04 08:00:00,37338.19,None,-0.3371,-0.1665
2021-02-04 09:00:00,37509.22,None,None,-0.1665
2021-02-04 10:00:00,37611.63,None,None,-0.1665
2021-02-04 11:00:00,37321.75,None,None,-0.1665
2021-02-04 12:00:00,37618.69,0.5046,0.5046,0.5020
2021-02-04 13:00:00,37587.58,-0.0010,0.2518,0.2330
2021-02-04 14:00:00,36795.15,0.9682,0.4906,0.5135
2021-02-04 15:00:00,36564.23,0.4199,0.4729,0.4849
2021-02-04 16:00:00,36929.36,0.9985,0.5780,0.6188
2021-02-04 17:00:00,36884.34,0.9985,0.6481,0.7066
2021-02-04 18:00:00,37141.96,0.2312,0.5886,0.6065
2021-02-04 19:00:00,37467.18,None,0.5886,0.6065
2021-02-04 20:00:00,37613.31,0.9628,0.6353,0.6845
2021-02-04 21:00:00,37643.0,0.9970,0.6755,0.7476
2021-02-04 22:00:00,37240.0,0.0082,0.6088,0.6080
2021-02-04 23:00:00,36936.66,0.5994,0.6079,0.6064
2021-02-05 00:00:00,36993.25,0.9325,0.6350,0.6622
2021-02-05 01:00:00,36632.38,None,0.6350,0.6622
2021-02-05 02:00:00,36958.28,None,0.6350,0.6622
2021-02-05 03:00:00,37366.02,None,0.6350,0.6622
2021-02-05 04:00:00,37266.78,0.9001,0.6554,0.7176
2021-02-05 05:00:00,37065.97,-0.7650,0.5539,0.4038
2021-02-05 06:00:00,37375.52,None,0.5539,0.4038
2021-02-05 07:00:00,37653.98,None,0.5539,0.4038
2021-02-05 08:00:00,37705.27,0.0710,0.5217,0.3221
2021-02-05 09:00:00,37251.07,-0.0339,0.4870,0.2436
2021-02-05 10:00:00,37395.91,0.9682,0.5153,0.3906
2021-02-05 11:00:00,37691.32,None,0.5153,0.3906
2021-02-05 12:00:00,37850.36,-0.0011,0.4866,0.3073
2021-02-05 13:00:00,38272.32,0.7430,0.5001,0.3932
2021-02-05 14:00:00,38095.02,0.9781,0.5240,0.5015
2021-02-05 15:00:00,37960.76,None,0.5240,0.5015
2021-02-05 16:00:00,37809.55,None,0.5240,0.5015
2021-02-05 17:00:00,37894.61,None,0.5240,0.5015
2021-02-05 18:00:00,37406.23,None,0.5240,0.5015
2021-02-05 19:00:00,37608.92,None,0.5240,0.5015
2021-02-05 20:00:00,37740.39,0.8934,0.5416,0.6207
2021-02-05 21:00:00,37819.67,0.9682,0.5610,0.7110
2021-02-05 22:00:00,37784.12,0.7964,0.5712,0.7307
2021-02-05 23:00:00,38290.24,0.2047,0.5560,0.6201
2021-02-06 00:00:00,38740.92,0.9325,0.5710,0.6811
2021-02-06 01:00:00,38806.45,None,0.5710,0.6811
2021-02-06 02:00:00,39382.1,0.9970,0.5874,0.7463
2021-02-06 03:00:00,39384.74,-0.8308,0.5349,0.4431
2021-02-06 04:00:00,39179.56,0.9853,0.5510,0.5415
2021-02-06 05:00:00,39014.73,None,0.5510,0.5415
2021-02-06 06:00:00,39267.47,0.6166,0.5532,0.5561
2021-02-06 07:00:00,39359.12,None,0.5532,0.5561
2021-02-06 08:00:00,39425.02,None,0.5532,0.5561
2021-02-06 09:00:00,39887.91,0.9549,0.5666,0.6479
2021-02-06 10:00:00,39998.63,0.9985,0.5805,0.7215
2021-02-06 11:00:00,40199.99,None,0.5805,0.7215
2021-02-06 12:00:00,39902.49,0.3876,0.5768,0.6486
2021-02-06 13:00:00,40130.47,0.0086,0.5771,0.5198
2021-02-06 14:00:00,40268.44,0.0377,0.5471,0.4289
2021-02-06 15:00:00,40864.73,0.0448,0.5350,0.3603
2021-02-06 16:00:00,40608.76,0.9957,0.5349,0.4689
2021-02-06 17:00:00,40197.01,0.4098,0.5159,0.4592
2021-02-06 18:00:00,40276.41,0.3873,0.5209,0.4477
2021-02-06 19:00:00,40179.42,0.9682,0.5349,0.5287
2021-02-06 20:00:00,40087.4,0.6369,0.5247,0.5451
2021-02-06 21:00:00,40028.19,0.9758,0.5241,0.6095
2021-02-06 22:00:00,39992.77,0.9758,0.5543,0.6633
2021-02-06 23:00:00,39186.94,0.7096,0.5577,0.6700
2021-02-07 00:00:00,39564.17,None,0.5456,0.6700
2021-02-07 01:00:00,38627.36,None,0.5456,0.6700
2021-02-07 02:00:00,38747.31,0.5719,0.5465,0.6522
2021-02-07 03:00:00,38841.46,None,0.5465,0.6522
2021-02-07 04:00:00,38312.99,None,0.5351,0.6522
2021-02-07 05:00:00,38511.0,-0.0027,0.5596,0.5089
2021-02-07 06:00:00,38531.35,None,0.5596,0.5089
2021-02-07 07:00:00,39030.0,None,0.5596,0.5089
2021-02-07 08:00:00,39496.96,-0.5423,0.5399,0.2446
2021-02-07 09:00:00,39513.92,0.3669,0.5528,0.2721
2021-02-07 10:00:00,39331.42,0.9918,0.5536,0.4204
2021-02-07 11:00:00,39046.6,0.9682,0.5665,0.5256
2021-02-07 12:00:00,38820.87,0.7906,0.5913,0.5737
2021-02-07 13:00:00,38629.26,None,0.5864,0.5737
2021-02-07 14:00:00,38214.98,0.4000,0.5677,0.5399
2021-02-07 15:00:00,37921.11,0.4178,0.5630,0.5175
2021-02-07 16:00:00,38185.72,0.3873,0.5577,0.4948
2021-02-07 17:00:00,37870.62,None,0.5577,0.4948
2021-02-07 18:00:00,38239.1,None,0.5577,0.4948
2021-02-07 19:00:00,38050.0,None,0.5577,0.4948
2021-02-07 20:00:00,38471.95,None,0.5472,0.4948
2021-02-07 21:00:00,38530.33,None,0.5336,0.4948
2021-02-07 22:00:00,38797.02,None,0.5249,0.4948
2021-02-07 23:00:00,38795.69,None,0.5359,0.4948
2021-02-08 00:00:00,38725.4,None,0.5217,0.4948
2021-02-08 01:00:00,38521.72,None,0.5217,0.4948
2021-02-08 02:00:00,38249.0,None,0.5041,0.4948
2021-02-08 03:00:00,38076.06,None,0.5555,0.4948
2021-02-08 04:00:00,38584.7,None,0.5383,0.4948
2021-02-08 05:00:00,38677.47,0.2273,0.5263,0.3534
2021-02-08 06:00:00,39012.69,0.9719,0.5400,0.5877
2021-02-08 07:00:00,39269.95,0.9823,0.5564,0.7078
2021-02-08 08:00:00,39175.38,None,0.5564,0.7078
2021-02-08 09:00:00,38954.27,0.7506,0.5488,0.7201
2021-02-08 10:00:00,39418.71,None,0.5315,0.7201
2021-02-08 11:00:00,39423.08,-0.2719,0.5018,0.4450
2021-02-08 12:00:00,42984.07,0.9819,0.5238,0.5751
2021-02-08 13:00:00,42897.12,0.9985,0.5604,0.6677
2021-02-08 14:00:00,43558.73,0.4412,0.5754,0.6221
2021-02-08 15:00:00,43716.32,0.9990,0.6107,0.6931
2021-02-08 16:00:00,43170.24,0.9985,0.6108,0.7477
2021-02-08 17:00:00,43079.07,0.9990,0.6326,0.7907
2021-02-08 18:00:00,42673.49,0.3082,0.6297,0.7112
2021-02-08 19:00:00,43051.95,0.9682,0.6297,0.7522
2021-02-08 20:00:00,44151.07,0.9984,0.6431,0.7905
2021-02-08 21:00:00,44632.41,0.6486,0.6310,0.7689
2021-02-08 22:00:00,44682.76,None,0.6177,0.7689
2021-02-08 23:00:00,46374.87,None,0.6140,0.7689
2021-02-09 00:00:00,46768.22,0.9826,0.6282,0.8094
2021-02-09 01:00:00,46158.97,None,0.6282,0.8094
2021-02-09 02:00:00,45707.38,None,0.6305,0.8094
2021-02-09 03:00:00,46599.51,None,0.6305,0.8094
2021-02-09 04:00:00,46837.57,None,0.6305,0.8094
2021-02-09 05:00:00,46850.12,None,0.6569,0.8094
2021-02-09 06:00:00,48111.18,0.9792,0.6698,0.8619
2021-02-09 07:00:00,47505.4,None,0.6698,0.8619
2021-02-09 08:00:00,47109.51,None,0.7203,0.8619
2021-02-09 09:00:00,46401.3,0.9732,0.7455,0.8977
2021-02-09 10:00:00,45641.77,None,0.7348,0.8977
2021-02-09 11:00:00,46380.92,0.9984,0.7361,0.9279
2021-02-09 12:00:00,45300.17,0.9818,0.7444,0.9418
2021-02-09 13:00:00,46285.14,0.9682,0.7538,0.9478
2021-02-09 14:00:00,46624.44,0.9682,0.7774,0.9521
2021-02-09 15:00:00,46773.63,0.9682,0.8004,0.9552
2021-02-09 16:00:00,46470.85,0.9995,0.8259,0.9633
2021-02-09 17:00:00,46483.67,-0.0784,0.7897,0.7817
2021-02-09 18:00:00,47012.77,0.1153,0.7638,0.6700
2021-02-09 19:00:00,47060.18,0.9081,0.7691,0.7086
2021-02-09 20:00:00,47084.17,0.3280,0.7534,0.6487
2021-02-09 21:00:00,47231.03,0.0000,0.7274,0.5489
2021-02-09 22:00:00,46839.01,0.2586,0.7118,0.5052
2021-02-09 23:00:00,46420.42,0.4879,0.7045,0.5026
2021-02-10 00:00:00,46517.64,0.4879,0.6978,0.5005
2021-02-10 01:00:00,46259.97,0.0164,0.6771,0.4307
2021-02-10 02:00:00,46276.51,-0.9682,0.6287,0.2312
2021-02-10 03:00:00,46221.07,0.4049,0.6223,0.2558
2021-02-10 04:00:00,46020.4,0.0136,0.6054,0.2218
2021-02-10 05:00:00,46131.99,0.0136,0.5995,0.1928
2021-02-10 06:00:00,46510.25,0.9985,0.6002,0.3043
2021-02-10 07:00:00,46563.69,0.9818,0.6002,0.3976
2021-02-10 08:00:00,46668.89,0.9818,0.6105,0.4777
2021-02-10 09:00:00,46550.0,0.8934,0.6144,0.5345
2021-02-10 10:00:00,46630.17,0.7430,0.6178,0.5629
2021-02-10 11:00:00,46586.56,None,0.6418,0.5629
2021-02-10 12:00:00,45652.34,None,0.6324,0.5629
2021-02-10 13:00:00,45626.32,None,0.6219,0.5629
2021-02-10 14:00:00,44954.12,None,0.6272,0.5629
2021-02-10 15:00:00,44353.04,None,0.6160,0.5629
2021-02-10 16:00:00,44746.66,None,0.6040,0.5629
2021-02-10 17:00:00,44963.31,None,0.5913,0.5629
2021-02-10 18:00:00,45088.17,None,0.6007,0.5629
2021-02-10 19:00:00,45190.05,None,0.5880,0.5629
2021-02-10 20:00:00,44555.59,None,0.5734,0.5629
2021-02-10 21:00:00,44999.09,None,0.5706,0.5629
2021-02-10 22:00:00,45199.99,None,0.5706,0.5629
2021-02-10 23:00:00,44807.58,None,0.5706,0.5629
2021-02-11 00:00:00,44250.0,0.5267,0.5537,0.5447
2021-02-11 01:00:00,44180.86,0.9682,0.5685,0.7001
2021-02-11 02:00:00,44582.07,None,0.5685,0.7001
2021-02-11 05:00:00,44641.72,-0.9970,0.4283,-0.2961
2021-02-11 06:00:00,44559.99,None,0.4099,-0.2961
2021-02-11 07:00:00,44700.01,None,0.4099,-0.2961
2021-02-11 08:00:00,45017.02,0.9371,0.4269,0.0367
2021-02-11 09:00:00,45500.98,None,0.4087,0.0367
2021-02-11 10:00:00,46279.8,None,0.4087,0.0367
2021-02-11 11:00:00,46061.49,0.8885,0.4051,0.2864
2021-02-11 12:00:00,46516.39,0.9970,0.4056,0.4660
2021-02-11 13:00:00,47555.46,0.9682,0.4056,0.5794
2021-02-11 14:00:00,47864.81,0.9990,0.4066,0.6661
2021-02-11 15:00:00,47960.85,-0.1282,0.3700,0.5132
2021-02-11 16:00:00,47590.53,0.9970,0.3700,0.6011
2021-02-11 17:00:00,47366.42,0.9970,0.4058,0.6697
2021-02-11 18:00:00,47653.14,0.3178,0.4126,0.6111
2021-02-11 19:00:00,47754.03,0.3504,0.3940,0.5690
2021-02-11 20:00:00,47027.49,0.9990,0.4163,0.6365
2021-02-11 21:00:00,46884.84,-0.0252,0.4155,0.5351
2021-02-11 22:00:00,47712.94,0.9682,0.4391,0.6002
2021-02-11 23:00:00,47969.51,-0.9682,0.3906,0.3684
2021-02-12 00:00:00,47990.0,0.0044,0.3745,0.3153
2021-02-12 01:00:00,48477.5,0.3924,0.3870,0.3264
2021-02-12 02:00:00,47935.66,-0.0244,0.4185,0.2765
2021-02-12 03:00:00,47587.31,None,0.4189,0.2765
2021-02-12 04:00:00,47271.55,0.9843,0.4524,0.3893
2021-02-12 05:00:00,47257.09,0.0044,0.4521,0.3295
2021-02-12 06:00:00,47380.16,-0.9970,0.3833,0.1279
2021-02-12 07:00:00,47318.81,None,0.3619,0.1279
2021-02-12 08:00:00,47117.86,None,0.3390,0.1279
2021-02-12 09:00:00,47337.0,0.8225,0.3363,0.2594
2021-02-12 10:00:00,47381.16,None,0.3207,0.2594
2021-02-12 11:00:00,47562.42,None,0.3207,0.2594
2021-02-12 12:00:00,47669.82,0.7906,0.3381,0.3790
2021-02-12 13:00:00,47871.4,0.9974,0.3616,0.5066
2021-02-12 14:00:00,46547.5,0.4549,0.3649,0.4967
2021-02-12 15:00:00,47021.05,None,0.3649,0.4967
2021-02-12 16:00:00,47614.4,None,0.3649,0.4967
2021-02-12 17:00:00,47713.82,0.9970,0.3859,0.6108
2021-02-12 18:00:00,47269.25,None,0.3859,0.6108
2021-02-12 19:00:00,47272.95,0.4749,0.3888,0.5791
2021-02-12 20:00:00,47577.49,0.9360,0.4059,0.6547
2021-02-12 21:00:00,47860.54,-0.3265,0.3837,0.4620
2021-02-12 22:00:00,47841.17,0.9716,0.4010,0.5561
2021-02-12 23:00:00,47287.6,0.6705,0.4087,0.5762
2021-02-13 00:00:00,47459.54,None,0.4052,0.5762
2021-02-13 01:00:00,47626.98,None,0.3882,0.5762
2021-02-13 02:00:00,47839.77,None,0.3882,0.5762
2021-02-13 03:00:00,47829.22,None,0.4314,0.5762
2021-02-13 04:00:00,47904.7,None,0.4662,0.5762
2021-02-13 05:00:00,47888.0,None,0.5150,0.5762
2021-02-13 06:00:00,47728.26,None,0.5150,0.5762
2021-02-13 07:00:00,46995.72,None,0.5150,0.5762
2021-02-13 08:00:00,47429.93,None,0.5005,0.5762
2021-02-13 09:00:00,47205.53,None,0.5005,0.5762
2021-02-13 10:00:00,46709.17,0.7906,0.5101,0.6746
2021-02-13 11:00:00,46589.2,None,0.4971,0.6746
2021-02-13 12:00:00,46879.81,None,0.4792,0.6746
2021-02-13 13:00:00,46971.43,None,0.4611,0.6746
2021-02-13 14:00:00,46946.9,None,0.4404,0.6746
2021-02-13 15:00:00,47076.01,None,0.4632,0.6746
2021-02-13 16:00:00,47136.89,None,0.4409,0.6746
2021-02-13 17:00:00,46855.24,None,0.4168,0.6746
2021-02-13 18:00:00,46792.05,None,0.4213,0.6746
2021-02-13 19:00:00,46870.15,None,0.4246,0.6746
2021-02-13 20:00:00,46934.06,None,0.3959,0.6746
2021-02-13 21:00:00,47130.82,None,0.4181,0.6746
2021-02-13 22:00:00,47058.88,None,0.3875,0.6746
2021-02-13 23:00:00,47153.69,None,0.4673,0.6746
2021-02-14 00:00:00,47594.52,None,0.4962,0.6746
2021-02-14 01:00:00,47471.23,None,0.5031,0.6746
2021-02-14 02:00:00,47378.87,None,0.5408,0.6746
2021-02-14 03:00:00,47267.21,None,0.5408,0.6746
2021-02-14 04:00:00,47551.25,None,0.5067,0.6746
2021-02-14 05:00:00,48929.18,None,0.5485,0.6746
2021-02-14 06:00:00,48745.29,None,0.6890,0.6746
2021-02-14 07:00:00,48725.18,None,0.6890,0.6746
2021-02-14 08:00:00,48710.17,None,0.6890,0.6746
2021-02-14 09:00:00,49134.33,None,0.6757,0.6746
2021-02-14 10:00:00,49024.21,None,0.6757,0.6746
2021-02-14 11:00:00,49055.16,None,0.6757,0.6746
2021-02-14 12:00:00,49436.86,None,0.6629,0.6746
2021-02-14 13:00:00,48759.63,0.9682,0.6597,0.9554
2021-02-14 14:00:00,48757.38,0.9682,0.7167,0.9621
2021-02-14 15:00:00,48541.18,0.9985,0.7449,0.9758
2021-02-14 16:00:00,49006.74,0.9682,0.7652,0.9735
2021-02-14 17:00:00,48619.19,None,0.7420,0.9735
2021-02-14 18:00:00,48739.99,0.9682,0.7626,0.9720
2021-02-14 19:00:00,48693.39,0.5267,0.7673,0.8610
2021-02-14 20:00:00,48929.5,None,0.7504,0.8610
2021-02-14 21:00:00,48822.66,0.9985,0.8829,0.8953
2021-02-14 22:00:00,49012.94,None,0.8731,0.8953
2021-02-14 23:00:00,48577.79,None,0.8984,0.8953
2021-02-15 00:00:00,48763.62,-0.8934,0.6993,0.4003
2021-02-15 01:00:00,48011.44,None,0.6993,0.4003
2021-02-15 02:00:00,46874.02,0.9747,0.7268,0.5549
2021-02-15 03:00:00,47120.3,None,0.7268,0.5549
2021-02-15 04:00:00,46866.57,None,0.7268,0.5549
2021-02-15 05:00:00,46722.49,0.9628,0.7483,0.6743
2021-02-15 06:00:00,46887.36,None,0.7483,0.6743
2021-02-15 07:00:00,47267.06,None,0.7483,0.6743
2021-02-15 08:00:00,47599.99,None,0.7483,0.6743
2021-02-15 09:00:00,47505.66,None,0.7483,0.6743
2021-02-15 10:00:00,47849.99,None,0.7441,0.6743
2021-02-15 11:00:00,47802.66,None,0.7441,0.6743
2021-02-15 12:00:00,47951.01,None,0.7441,0.6743
2021-02-15 13:00:00,47960.73,None,0.7441,0.6743
2021-02-15 14:00:00,47564.16,None,0.7441,0.6743
2021-02-15 15:00:00,47938.83,None,0.7441,0.6743
2021-02-15 16:00:00,48494.96,None,0.7441,0.6743
2021-02-15 17:00:00,48562.31,None,0.7441,0.6743
2021-02-15 18:00:00,48358.99,None,0.7441,0.6743
2021-02-15 19:00:00,48657.31,None,0.7441,0.6743
2021-02-15 20:00:00,48580.99,None,0.7441,0.6743
2021-02-15 21:00:00,48207.54,None,0.7441,0.6743
2021-02-15 22:00:00,48284.89,None,0.7441,0.6743
2021-02-15 23:00:00,47911.1,None,0.7441,0.6743
2021-02-16 00:00:00,47669.02,None,0.7441,0.6743
2021-02-16 01:00:00,48305.28,None,0.7441,0.6743
2021-02-16 02:00:00,48442.06,0.5423,0.7257,0.5614
2021-02-16 03:00:00,49624.03,None,0.7257,0.5614
2021-02-16 04:00:00,49350.01,0.9920,0.7479,0.7907
2021-02-16 05:00:00,49179.03,None,0.7479,0.7907
2021-02-16 06:00:00,49023.74,None,0.7479,0.7907
2021-02-16 07:00:00,49163.46,None,0.7479,0.7907
2021-02-16 08:00:00,49293.26,None,0.7479,0.7907
2021-02-16 09:00:00,49283.3,None,0.7479,0.7907
2021-02-16 10:00:00,49020.0,None,0.7479,0.7907
2021-02-16 11:00:00,48915.48,None,0.7479,0.7907
2021-02-16 12:00:00,49650.01,None,0.7479,0.7907
2021-02-16 13:00:00,48950.89,0.9985,0.7504,0.9276
2021-02-16 14:00:00,49289.4,0.9982,0.7529,0.9581
2021-02-16 15:00:00,48956.91,0.9984,0.7529,0.9715
2021-02-16 16:00:00,48167.68,None,0.7334,0.9715
2021-02-16 17:00:00,48230.5,0.9882,0.7546,0.9766
2021-02-16 18:00:00,48616.79,0.9531,0.7533,0.9705
2021-02-16 19:00:00,48537.39,0.9686,0.7902,0.9700
2021-02-16 20:00:00,48769.27,0.9955,0.8060,0.9754
2021-02-16 21:00:00,48575.07,0.9818,0.8047,0.9767
2021-02-16 22:00:00,49108.68,None,0.8047,0.9767
2021-02-16 23:00:00,49133.45,0.5106,0.7837,0.8803
2021-02-17 00:00:00,49079.99,None,0.9127,0.8803
2021-02-17 01:00:00,49282.8,None,0.9127,0.8803
2021-02-17 02:00:00,49654.89,None,0.9075,0.8803
2021-02-17 03:00:00,49657.38,None,0.9075,0.8803
2021-02-17 04:00:00,49345.38,None,0.9075,0.8803
2021-02-17 05:00:00,49706.8,None,0.9025,0.8803
2021-02-17 06:00:00,50556.05,0.9682,0.9080,0.9120
2021-02-17 07:00:00,51112.39,0.9982,0.9149,0.9373
2021-02-17 08:00:00,51031.71,0.9682,0.9187,0.9451
2021-02-17 09:00:00,51431.04,None,0.9187,0.9451
2021-02-17 10:00:00,51192.0,None,0.9187,0.9451
2021-02-17 11:00:00,51273.46,None,0.9187,0.9451
2021-02-17 12:00:00,51039.56,0.9981,0.9240,0.9615
2021-02-17 13:00:00,51149.96,None,0.9240,0.9615
2021-02-17 14:00:00,51262.0,None,0.9240,0.9615
2021-02-17 15:00:00,51169.97,None,0.9240,0.9615
2021-02-17 16:00:00,51241.35,None,0.9240,0.9615
2021-02-17 17:00:00,51376.85,-0.9992,0.8038,0.2013
2021-02-17 18:00:00,51430.59,None,0.8038,0.2013
2021-02-17 19:00:00,52142.35,0.9985,0.8152,0.4727
2021-02-17 20:00:00,52240.0,0.3823,0.7912,0.4472
2021-02-17 21:00:00,52349.99,None,0.7912,0.4472
2021-02-17 22:00:00,52104.43,-0.7003,0.7127,0.1339
2021-02-17 23:00:00,52119.71,0.7906,0.7166,0.2912
2021-02-18 00:00:00,52267.32,0.9858,0.7294,0.4416
2021-02-18 01:00:00,52132.46,None,0.7294,0.4416
2021-02-18 02:00:00,52318.89,None,0.7388,0.4416
2021-02-18 03:00:00,52032.64,-0.9992,0.6560,0.0820
2021-02-18 04:00:00,52153.36,None,0.6392,0.0820
2021-02-18 05:00:00,52170.01,0.5106,0.6331,0.1889
2021-02-18 06:00:00,51905.66,None,0.6331,0.1889
2021-02-18 07:00:00,51901.96,None,0.6331,0.1889
2021-02-18 08:00:00,51706.88,None,0.6331,0.1889
2021-02-18 09:00:00,51770.99,0.9803,0.6489,0.4315
2021-02-18 10:00:00,51643.5,None,0.6489,0.4315
2021-02-18 11:00:00,51374.07,-0.8834,0.5822,0.0504
2021-02-18 12:00:00,51464.66,-0.5859,0.5336,-0.1091
2021-02-18 13:00:00,51796.24,-0.9994,0.4503,-0.3088
2021-02-18 14:00:00,52233.43,0.9100,0.4467,-0.0582
2021-02-18 15:00:00,51585.29,-0.9993,0.3634,-0.2387
2021-02-18 16:00:00,52091.02,None,0.3634,-0.2387
2021-02-18 17:00:00,51839.55,-0.9953,0.2808,-0.3925
2021-02-18 18:00:00,51862.85,-0.9992,0.1994,-0.5078
2021-02-18 19:00:00,51760.01,None,0.1660,-0.5078
2021-02-18 20:00:00,52111.89,0.6369,0.1504,-0.2767
2021-02-18 21:00:00,52007.21,-0.0292,0.1064,-0.2299
2021-02-18 22:00:00,51837.19,0.7003,0.1312,-0.0634
2021-02-18 23:00:00,51552.6,None,0.1147,-0.0634
2021-02-19 00:00:00,51511.33,0.9325,0.1488,0.1283
2021-02-19 01:00:00,51325.44,None,0.1488,0.1283
2021-02-19 02:00:00,51248.52,None,0.1488,0.1283
2021-02-19 03:00:00,51245.0,0.9493,0.1808,0.3156
2021-02-19 04:00:00,51166.3,None,0.1808,0.3156
2021-02-19 05:00:00,51524.05,None,0.1808,0.3156
2021-02-19 06:00:00,51734.88,0.0076,0.1424,0.2357
2021-02-19 07:00:00,51727.08,None,0.1067,0.2357
2021-02-19 08:00:00,52236.31,None,0.0692,0.2357
2021-02-19 09:00:00,52690.7,None,0.0692,0.2357
2021-02-19 10:00:00,52687.6,None,0.0692,0.2357
2021-02-19 11:00:00,52710.0,None,0.0692,0.2357
2021-02-19 12:00:00,52534.75,None,0.0270,0.2357
2021-02-19 13:00:00,52800.04,None,0.0270,0.2357
2021-02-19 14:00:00,52890.0,None,0.0270,0.2357
2021-02-19 15:00:00,53863.19,None,0.0270,0.2357
2021-02-19 16:00:00,54368.65,None,0.0270,0.2357
2021-02-19 17:00:00,54765.49,None,0.0759,0.2357
2021-02-19 18:00:00,55384.46,None,0.0759,0.2357
2021-02-19 19:00:00,54990.01,None,0.0298,0.2357
2021-02-19 20:00:00,55348.33,None,0.0112,0.2357
2021-02-19 21:00:00,55651.16,None,0.0112,0.2357
2021-02-19 22:00:00,55426.4,None,0.0507,0.2357
2021-02-19 23:00:00,55906.0,None,0.0072,0.2357
2021-02-20 00:00:00,56226.73,None,-0.0540,0.2357
2021-02-20 01:00:00,56179.17,None,-0.0540,0.2357
2021-02-20 02:00:00,56143.46,None,-0.0540,0.2357
2021-02-20 03:00:00,55706.07,None,0.0091,0.2357
2021-02-20 04:00:00,55815.19,None,0.0091,0.2357
2021-02-20 05:00:00,55675.43,None,-0.0268,0.2357
2021-02-20 06:00:00,55937.12,None,-0.0268,0.2357
2021-02-20 07:00:00,55207.92,None,-0.0268,0.2357
2021-02-20 08:00:00,55236.53,None,-0.0268,0.2357
2021-02-20 09:00:00,55252.4,None,-0.1042,0.2357
2021-02-20 10:00:00,55895.31,None,-0.1042,0.2357
2021-02-20 11:00:00,56355.91,None,-0.0393,0.2357
2021-02-20 12:00:00,57291.92,None,0.0104,0.2357
2021-02-20 13:00:00,57274.34,None,0.1114,0.2357
2021-02-20 14:00:00,56280.83,None,0.0226,0.2357
2021-02-20 15:00:00,56145.97,None,0.1504,0.2357
2021-02-20 16:00:00,56720.16,None,0.1504,0.2357
2021-02-20 17:00:00,57048.35,None,0.3140,0.2357
2021-02-20 18:00:00,57115.24,None,0.5329,0.2357
2021-02-20 19:00:00,56975.12,None,0.5329,0.2357
2021-02-20 20:00:00,56719.52,None,0.5121,0.2357
2021-02-20 21:00:00,56472.13,None,0.6474,0.2357
2021-02-20 22:00:00,55423.99,None,0.6298,0.2357
2021-02-20 23:00:00,55841.19,None,0.6298,0.2357
2021-02-21 00:00:00,55834.95,None,0.4785,0.2357
2021-02-21 01:00:00,56347.69,None,0.4785,0.2357
2021-02-21 02:00:00,56318.08,None,0.4785,0.2357
2021-02-21 03:00:00,56505.22,None,0.0076,0.2357
2021-02-21 04:00:00,56701.08,None,0.0076,0.2357
2021-02-21 05:00:00,56545.13,None,0.0076,0.2357
2021-02-21 06:00:00,56493.23,None,None,0.2357
2021-02-21 07:00:00,56091.76,None,None,0.2357
2021-02-21 08:00:00,56513.22,None,None,0.2357
2021-02-21 09:00:00,56795.81,None,None,0.2357
2021-02-21 10:00:00,57560.0,None,None,0.2357
2021-02-21 11:00:00,57284.79,None,None,0.2357
2021-02-21 12:00:00,56888.8,0.5984,0.5984,0.5978
2021-02-21 13:00:00,57154.19,0.9995,0.7990,0.8128
2021-02-21 14:00:00,57381.13,None,0.7990,0.8128
2021-02-21 15:00:00,57313.99,0.6369,0.7449,0.7396
2021-02-21 16:00:00,57733.96,0.7906,0.7564,0.7562
2021-02-21 17:00:00,57499.01,None,0.7564,0.7562
2021-02-21 18:00:00,58183.69,0.9702,0.7991,0.8207
2021-02-21 19:00:00,58072.62,0.9729,0.8281,0.8600
2021-02-21 20:00:00,57654.8,0.9818,0.8500,0.8880
2021-02-21 21:00:00,57293.53,None,0.8500,0.8880
2021-02-21 22:00:00,57328.47,None,0.8500,0.8880
2021-02-21 23:00:00,57408.57,None,0.8500,0.8880
2021-02-22 00:00:00,56235.15,-0.2808,0.7087,0.5500
2021-02-22 01:00:00,56860.04,None,0.7087,0.5500
2021-02-22 02:00:00,56855.12,0.9837,0.7392,0.6705
2021-02-22 03:00:00,55860.12,-0.8652,0.5788,0.2976
2021-02-22 04:00:00,55786.36,None,0.5788,0.2976
2021-02-22 05:00:00,55778.25,0.9657,0.6140,0.4608
2021-02-22 08:00:00,55480.8,0.9729,0.6925,0.7178
2021-02-22 09:00:00,54766.39,0.5859,0.6854,0.6942
2021-02-22 10:00:00,54847.72,-0.0007,0.6425,0.5751
2021-02-22 11:00:00,54524.94,-0.0311,0.6029,0.4750
2021-02-22 12:00:00,53781.12,0.9882,0.6243,0.5571
2021-02-22 13:00:00,52070.47,0.9855,0.6433,0.6239
2021-02-22 14:00:00,53478.83,-0.0281,0.6098,0.5245
2021-02-22 15:00:00,53236.69,-0.0152,0.5800,0.4438
2021-02-22 16:00:00,53180.05,-0.0152,0.5529,0.3762
2021-02-22 17:00:00,52100.0,-0.9993,0.4855,0.1765
2021-02-22 18:00:00,53227.23,0.9325,0.5041,0.2850
2021-02-22 19:00:00,53581.69,None,0.5041,0.2850
2021-02-22 20:00:00,53771.34,-0.9992,0.4439,0.0790
2021-02-22 21:00:00,54883.16,-0.9988,0.3885,-0.0893
2021-02-22 22:00:00,54084.97,-0.7269,0.3471,-0.1866
2021-02-22 23:00:00,54087.67,-0.9993,0.2991,-0.3084
2021-02-23 00:00:00,53440.66,None,0.2991,-0.3084
2021-02-23 01:00:00,52546.18,None,0.2991,-0.3084
2021-02-23 02:00:00,51218.63,-0.9990,0.2543,-0.4375
2021-02-23 03:00:00,51906.36,-0.9990,0.2125,-0.5372
2021-02-23 04:00:00,50754.5,-0.0249,0.2049,-0.4501
2021-02-23 05:00:00,49950.0,-0.3504,0.1875,-0.4338
2021-02-23 06:00:00,49547.02,-0.9972,0.1516,-0.5234
2021-02-23 07:00:00,49640.33,-0.9993,0.1178,-0.5972
2021-02-23 08:00:00,46565.18,-0.9963,0.0859,-0.6578
2021-02-23 09:00:00,48075.45,-0.0311,0.0827,-0.5644
2021-02-23 10:00:00,47546.01,None,0.0827,-0.5644
2021-02-23 11:00:00,46369.29,None,0.0827,-0.5644
2021-02-23 12:00:00,48670.21,None,0.0679,-0.5644
2021-02-23 13:00:00,48750.0,None,0.0405,-0.5644
2021-02-23 14:00:00,46978.18,None,0.0405,-0.5644
2021-02-23 15:00:00,48602.03,None,0.0225,-0.5644
2021-02-23 16:00:00,47365.61,None,-0.0015,-0.5644
2021-02-23 17:00:00,47175.27,None,-0.0015,-0.5644
2021-02-23 18:00:00,46881.49,None,-0.0329,-0.5644
2021-02-23 19:00:00,45523.0,None,-0.0664,-0.5644
2021-02-23 20:00:00,47814.5,None,-0.1025,-0.5644
2021-02-23 21:00:00,47937.33,None,-0.1025,-0.5644
2021-02-23 22:00:00,48589.69,None,-0.1025,-0.5644
2021-02-23 23:00:00,48891.0,None,-0.1025,-0.5644
2021-02-24 00:00:00,48456.58,None,-0.0962,-0.5644
2021-02-24 01:00:00,50191.6,-0.6124,-0.1140,-0.5930
2021-02-24 02:00:00,50160.42,-0.9970,-0.1823,-0.7575
2021-02-24 03:00:00,50874.99,None,-0.1579,-0.7575
2021-02-24 04:00:00,50617.29,None,-0.1579,-0.7575
2021-02-24 05:00:00,50247.4,None,-0.1995,-0.7575
2021-02-24 06:00:00,50109.21,0.0246,-0.2356,-0.4296
2021-02-24 07:00:00,50090.57,None,-0.2820,-0.4296
2021-02-24 08:00:00,50634.36,None,-0.3321,-0.4296
2021-02-24 09:00:00,50847.51,None,-0.3704,-0.4296
2021-02-24 10:00:00,50075.0,None,-0.3865,-0.4296
2021-02-24 11:00:00,50360.02,0.9873,-0.3422,0.2244
2021-02-24 12:00:00,50739.94,0.9987,-0.3417,0.4935
2021-02-24 13:00:00,49481.61,0.7096,-0.3537,0.5554
2021-02-24 14:00:00,49404.04,0.3824,-0.3359,0.5124
2021-02-24 15:00:00,49528.43,0.7579,-0.3023,0.5671
2021-02-24 18:00:00,49888.55,None,-0.2237,0.7120
2021-02-24 21:00:00,48707.72,0.9732,-0.0444,0.8131
2021-02-24 22:00:00,48811.63,None,-0.0119,0.8131
2021-02-24 23:00:00,49676.2,None,0.0375,0.8131
2021-02-25 00:00:00,50507.25,None,0.0375,0.8131
2021-02-25 01:00:00,50504.71,None,0.0375,0.8131
2021-02-25 02:00:00,50650.95,None,0.0920,0.8131
2021-02-25 03:00:00,50206.97,None,0.1526,0.8131
2021-02-25 04:00:00,49627.34,None,0.1631,0.8131
2021-02-25 05:00:00,50388.6,None,0.1952,0.8131
2021-02-25 06:00:00,50453.54,-0.9325,0.1992,0.0640
2021-02-25 07:00:00,50395.99,0.5267,0.2946,0.2173
2021-02-25 08:00:00,49700.0,nan,nan,nan
2021-02-25 09:00:00,48977.03,nan,nan,nan
2021-02-25 10:00:00,49551.51,nan,nan,nan
2021-02-25 11:00:00,50294.8,nan,nan,nan
2021-02-25 12:00:00,51487.06,nan,nan,nan
2021-02-25 13:00:00,51347.6,nan,nan,nan
2021-02-25 14:00:00,50830.88,nan,nan,nan
2021-02-25 15:00:00,50849.99,nan,nan,nan
2021-02-25 16:00:00,50630.66,nan,nan,nan
2021-02-25 17:00:00,49550.95,nan,nan,nan
2021-02-25 18:00:00,49544.14,nan,nan,nan
2021-02-25 19:00:00,49443.86,nan,nan,nan
2021-02-25 20:00:00,49152.75,nan,nan,nan
2021-02-25 21:00:00,48101.99,nan,nan,nan
2021-02-25 22:00:00,48235.85,nan,nan,nan
2021-02-25 23:00:00,47073.73,nan,nan,nan
2021-02-26 00:00:00,46801.05,nan,nan,nan
2021-02-26 01:00:00,46480.48,nan,nan,nan
2021-02-26 02:00:00,47343.51,nan,nan,nan
2021-02-26 03:00:00,47330.24,nan,nan,nan
2021-02-26 04:00:00,47025.06,nan,nan,nan
2021-02-26 05:00:00,45517.53,nan,nan,nan
2021-02-26 06:00:00,46093.07,nan,nan,nan
2021-02-26 07:00:00,44973.68,nan,nan,nan
2021-02-26 08:00:00,45727.74,nan,nan,nan
2021-02-26 09:00:00,46410.76,nan,nan,nan
2021-02-26 10:00:00,46706.85,nan,nan,nan
2021-02-26 11:00:00,46427.65,nan,nan,nan
2021-02-26 12:00:00,46823.39,nan,nan,nan
2021-02-26 13:00:00,45958.41,nan,nan,nan
2021-02-26 14:00:00,46868.98,nan,nan,nan
2021-02-26 15:00:00,47594.65,nan,nan,nan
2021-02-26 16:00:00,48127.26,nan,nan,nan
2021-02-26 17:00:00,47660.98,nan,nan,nan
2021-02-26 18:00:00,47317.09,nan,nan,nan
2021-02-26 19:00:00,46959.17,nan,nan,nan
2021-02-26 20:00:00,46270.0,nan,nan,nan
2021-02-26 21:00:00,45677.46,nan,nan,nan
2021-02-26 22:00:00,45476.3,nan,nan,nan
2021-02-26 23:00:00,46276.87,nan,nan,nan
2021-02-27 00:00:00,47525.07,nan,nan,nan
2021-02-27 01:00:00,47761.97,nan,nan,nan
2021-02-27 02:00:00,47375.34,nan,nan,nan
2021-02-27 03:00:00,47423.08,nan,nan,nan
2021-02-27 04:00:00,47657.47,nan,nan,nan
2021-02-27 05:00:00,47803.71,nan,nan,nan
2021-02-27 06:00:00,47566.6,nan,nan,nan
2021-02-27 07:00:00,47158.53,nan,nan,nan
2021-02-27 08:00:00,46620.5,nan,nan,nan
2021-02-27 09:00:00,46671.04,nan,nan,nan
2021-02-27 10:00:00,46775.51,nan,nan,nan
2021-02-27 11:00:00,47299.99,nan,nan,nan
2021-02-27 12:00:00,47429.99,nan,nan,nan
2021-02-27 13:00:00,47441.91,nan,nan,nan
2021-02-27 14:00:00,47079.64,nan,nan,nan
2021-02-27 15:00:00,46528.64,nan,nan,nan
2021-02-27 16:00:00,46883.19,nan,nan,nan
2021-02-27 17:00:00,47042.53,nan,nan,nan
2021-02-27 18:00:00,47136.3,nan,nan,nan
2021-02-27 19:00:00,47405.39,nan,nan,nan
2021-02-27 20:00:00,47081.07,nan,nan,nan
2021-02-27 21:00:00,46825.3,nan,nan,nan
2021-02-27 22:00:00,45828.43,nan,nan,nan
2021-02-27 23:00:00,46106.43,nan,nan,nan
2021-02-28 00:00:00,46345.94,nan,nan,nan
2021-02-28 01:00:00,46442.5,nan,nan,nan
2021-02-28 02:00:00,45397.23,nan,nan,nan
2021-02-28 03:00:00,44629.17,nan,nan,nan
2021-02-28 04:00:00,44384.14,nan,nan,nan
2021-02-28 05:00:00,44791.27,nan,nan,nan
2021-02-28 06:00:00,44372.43,nan,nan,nan
2021-02-28 07:00:00,44400.83,nan,nan,nan
2021-02-28 08:00:00,44856.61,nan,nan,nan
2021-02-28 09:00:00,45067.61,nan,nan,nan
2021-02-28 10:00:00,45177.2,nan,nan,nan
2021-02-28 11:00:00,45284.86,nan,nan,nan
2021-02-28 12:00:00,44756.99,nan,nan,nan
2021-02-28 13:00:00,44178.8,nan,nan,nan
2021-02-28 14:00:00,44561.92,nan,nan,nan
2021-02-28 15:00:00,43391.14,nan,nan,nan
2021-02-28 16:00:00,43514.78,nan,nan,nan
2021-02-28 17:00:00,43119.02,nan,nan,nan
2021-02-28 18:00:00,43677.39,nan,nan,nan
2021-02-28 19:00:00,44405.32,nan,nan,nan
2021-02-28 20:00:00,44860.38,nan,nan,nan
2021-02-28 21:00:00,45129.52,nan,nan,nan
2021-02-28 22:00:00,45180.0,nan,nan,nan
2021-02-28 23:00:00,45135.66,nan,nan,nan
2021-03-01 00:00:00,46217.19,nan,nan,nan
2021-03-01 01:00:00,46161.83,nan,nan,nan
2021-03-01 02:00:00,46419.56,nan,nan,nan
2021-03-01 03:00:00,46336.37,nan,nan,nan
2021-03-01 04:00:00,46458.33,nan,nan,nan
2021-03-01 05:00:00,46200.47,nan,nan,nan
2021-03-01 06:00:00,45857.3,nan,nan,nan
2021-03-01 07:00:00,46288.18,nan,nan,nan
2021-03-01 08:00:00,47009.38,nan,nan,nan
2021-03-01 09:00:00,47350.12,nan,nan,nan
2021-03-01 10:00:00,47615.66,nan,nan,nan
2021-03-01 11:00:00,47722.78,nan,nan,nan
2021-03-01 12:00:00,47913.8,nan,nan,nan
2021-03-01 13:00:00,47799.33,nan,nan,nan
2021-03-01 14:00:00,48083.04,nan,nan,nan
2021-03-01 15:00:00,49188.0,nan,nan,nan
2021-03-01 16:00:00,49065.4,nan,nan,nan
2021-03-01 17:00:00,48565.0,nan,nan,nan
2021-03-01 18:00:00,48465.27,nan,nan,nan
2021-03-01 19:00:00,48262.83,nan,nan,nan
2021-03-01 20:00:00,48512.4,nan,nan,nan
2021-03-01 21:00:00,48784.09,nan,nan,nan
2021-03-01 22:00:00,49137.73,nan,nan,nan
2021-03-01 23:00:00,49587.03,nan,nan,nan
2021-03-02 00:00:00,49354.62,nan,nan,nan
2021-03-02 01:00:00,49368.6,nan,nan,nan
2021-03-02 02:00:00,49272.74,nan,nan,nan
2021-03-02 03:00:00,48974.75,nan,nan,nan
2021-03-02 04:00:00,49159.16,nan,nan,nan
2021-03-02 05:00:00,48672.07,nan,nan,nan
2021-03-02 06:00:00,48638.36,nan,nan,nan
2021-03-02 07:00:00,48331.61,nan,nan,nan
2021-03-02 08:00:00,48858.08,nan,nan,nan
2021-03-02 09:00:00,49144.23,nan,nan,nan
2021-03-02 10:00:00,48721.09,nan,nan,nan
2021-03-02 11:00:00,48844.13,nan,nan,nan
2021-03-02 12:00:00,48811.03,nan,nan,nan
2021-03-02 13:00:00,49000.0,nan,nan,nan
2021-03-02 14:00:00,48899.31,nan,nan,nan
2021-03-02 15:00:00,48676.08,nan,nan,nan
2021-03-02 16:00:00,47520.01,nan,nan,nan
2021-03-02 17:00:00,47852.63,nan,nan,nan
2021-03-02 18:00:00,47678.38,nan,nan,nan
2021-03-02 19:00:00,47467.43,nan,nan,nan
2021-03-02 20:00:00,47529.57,nan,nan,nan
2021-03-02 21:00:00,47407.03,nan,nan,nan
2021-03-02 22:00:00,47789.87,nan,nan,nan
2021-03-02 23:00:00,48440.65,nan,nan,nan
2021-03-03 00:00:00,48507.96,nan,nan,nan
2021-03-03 01:00:00,48848.63,nan,nan,nan
2021-03-03 02:00:00,48594.07,nan,nan,nan
2021-03-03 03:00:00,48704.75,nan,nan,nan
2021-03-03 04:00:00,49105.47,nan,nan,nan
2021-03-03 05:00:00,49079.64,nan,nan,nan
2021-03-03 06:00:00,49529.9,nan,nan,nan
2021-03-03 07:00:00,49752.97,nan,nan,nan
2021-03-03 08:00:00,50909.41,nan,nan,nan
2021-03-03 09:00:00,51445.31,nan,nan,nan
2021-03-03 10:00:00,51414.19,nan,nan,nan
2021-03-03 11:00:00,51666.33,nan,nan,nan
2021-03-03 12:00:00,52540.04,nan,nan,nan
2021-03-03 13:00:00,51559.5,nan,nan,nan
2021-03-03 14:00:00,50776.36,nan,nan,nan
2021-03-03 15:00:00,50767.36,nan,nan,nan
2021-03-03 16:00:00,51077.0,nan,nan,nan
2021-03-03 17:00:00,51307.78,nan,nan,nan
2021-03-03 18:00:00,51233.11,nan,nan,nan
2021-03-03 19:00:00,50857.17,nan,nan,nan
2021-03-03 20:00:00,50521.4,nan,nan,nan
2021-03-03 21:00:00,50958.6,nan,nan,nan
2021-03-03 22:00:00,50577.34,nan,nan,nan
2021-03-03 23:00:00,50349.37,nan,nan,nan
2021-03-04 00:00:00,50894.48,nan,nan,nan
2021-03-04 01:00:00,51475.19,nan,nan,nan
2021-03-04 02:00:00,50791.63,nan,nan,nan
2021-03-04 03:00:00,49574.89,nan,nan,nan
2021-03-04 04:00:00,49065.33,nan,nan,nan
2021-03-04 05:00:00,49661.35,nan,nan,nan
2021-03-04 06:00:00,49393.07,nan,nan,nan
2021-03-04 07:00:00,49696.49,nan,nan,nan
2021-03-04 08:00:00,50221.61,nan,nan,nan
2021-03-04 09:00:00,49069.98,nan,nan,nan
2021-03-04 10:00:00,49219.42,nan,nan,nan
2021-03-04 11:00:00,49323.32,nan,nan,nan
2021-03-04 12:00:00,49355.84,nan,nan,nan
2021-03-04 13:00:00,49633.44,0.9989,0.9989,0.9989
2021-03-04 14:00:00,49422.53,-0.9973,0.0008,-0.0705
2021-03-04 15:00:00,49412.6,0.9524,0.3180,0.3203
2021-03-04 16:00:00,49693.59,0.4420,0.3490,0.3575
2021-03-04 17:00:00,48508.07,-0.6597,0.1473,0.0921
2021-03-04 18:00:00,47600.01,None,0.1473,0.0921
2021-03-04 19:00:00,48000.36,None,0.1473,0.0921
2021-03-04 20:00:00,48221.0,None,0.1473,0.0921
2021-03-04 21:00:00,47955.77,0.9325,0.2781,0.3579
2021-03-04 22:00:00,48249.99,-0.2487,0.2029,0.1957
2021-03-04 23:00:00,48374.09,None,0.2029,0.1957
2021-03-05 00:00:00,46829.84,-0.9993,0.0526,-0.1180
2021-03-05 01:00:00,46709.94,-0.6249,-0.0227,-0.2358
2021-03-05 02:00:00,47108.28,None,-0.0227,-0.2358
2021-03-05 03:00:00,47289.81,0.6124,0.0408,-0.0353
2021-03-05 04:00:00,46679.08,0.9818,0.1264,0.1826
2021-03-05 05:00:00,47153.13,None,0.1264,0.1826
2021-03-05 06:00:00,47396.56,None,0.1264,0.1826
2021-03-05 07:00:00,47380.0,-0.2143,0.0980,0.0843
2021-03-05 08:00:00,46634.35,-0.9985,0.0136,-0.1563
2021-03-05 09:00:00,47063.51,nan,nan,nan
2021-03-05 10:00:00,47080.97,nan,nan,nan
2021-03-05 11:00:00,47478.87,nan,nan,nan
2021-03-05 12:00:00,47649.99,nan,nan,nan
2021-03-05 13:00:00,48056.18,0.6901,0.6901,0.6901
2021-03-05 14:00:00,48136.81,-0.5574,0.0664,0.0218
2021-03-05 15:00:00,47867.45,None,0.0664,0.0218
2021-03-05 16:00:00,47658.14,None,0.0664,0.0218
2021-03-05 17:00:00,48096.01,0.2634,0.1320,0.1309
2021-03-05 18:00:00,48478.11,-0.9969,-0.1502,-0.2554
2021-03-05 19:00:00,49295.47,0.6369,0.0072,-0.0026
2021-03-05 20:00:00,49173.85,-0.0311,0.0008,-0.0097
2021-03-05 21:00:00,49035.21,0.7351,0.1057,0.1552
2021-03-05 22:00:00,49061.76,None,0.1057,0.1552
2021-03-05 23:00:00,48751.71,None,0.1057,0.1552
2021-03-06 00:00:00,48808.05,None,0.1057,0.1552
2021-03-06 01:00:00,48647.38,0.9968,0.2171,0.3923
2021-03-06 03:00:00,48657.72,-0.7096,0.1141,0.0917
